{"cameraMode":{"drawMode":0,"name":"Shaded","section":"Shading Mode"},"sceneLighting":false,"audioPlay":false,"sceneViewState":{"m_AlwaysRefresh":false,"showFog":true,"showSkybox":false,"showFlares":true,"showImageEffects":true,"showParticleSystems":true,"showVisualEffectGraphs":true,"m_FxEnabled":true},"in2DMode":false,"pivot":{"x":14.762224197387696,"y":122.93829345703125,"z":-130.22817993164063},"rotation":{"x":0.02468259073793888,"y":0.7260941863059998,"z":-0.057077981531620029,"w":0.6808953285217285},"size":8.531843185424805,"orthographic":false}