{"cameraMode":{"drawMode":0,"name":"Shaded","section":"Shading Mode"},"sceneLighting":true,"audioPlay":false,"sceneViewState":{"m_AlwaysRefresh":false,"showFog":true,"showSkybox":false,"showFlares":true,"showImageEffects":true,"showParticleSystems":true,"showVisualEffectGraphs":true,"m_FxEnabled":true},"in2DMode":false,"pivot":{"x":17.581266403198243,"y":-12.080162048339844,"z":-0.9182879328727722},"rotation":{"x":0.20037582516670228,"y":0.6946654915809631,"z":-0.21518556773662568,"w":0.6547139883041382},"size":12.205904006958008,"orthographic":false}