{"cameraMode":{"drawMode":0,"name":"Shaded","section":"Shading Mode"},"sceneLighting":true,"audioPlay":false,"sceneViewState":{"m_AlwaysRefresh":false,"showFog":true,"showSkybox":true,"showFlares":true,"showImageEffects":true,"showParticleSystems":true,"showVisualEffectGraphs":true,"m_FxEnabled":true},"in2DMode":false,"pivot":{"x":-6.827459812164307,"y":9.894947052001954,"z":-15.245892524719239},"rotation":{"x":0.3408389091491699,"y":-0.09558761864900589,"z":0.0317864716053009,"w":0.9334590435028076},"size":0.013772359117865563,"orthographic":false}