{"cameraMode":{"drawMode":0,"name":"Shaded","section":"Shading Mode"},"sceneLighting":true,"audioPlay":false,"sceneViewState":{"m_AlwaysRefresh":false,"showFog":true,"showSkybox":true,"showFlares":true,"showImageEffects":true,"showParticleSystems":true,"showVisualEffectGraphs":true,"m_FxEnabled":true},"in2DMode":false,"pivot":{"x":59.11305236816406,"y":397.4714050292969,"z":-172.56898498535157},"rotation":{"x":-0.27094927430152895,"y":0.050746265798807147,"z":-0.014261902309954167,"w":-0.9609976410865784},"size":71.13121032714844,"orthographic":false}