{"cameraMode":{"drawMode":0,"name":"Shaded","section":"Shading Mode"},"sceneLighting":true,"audioPlay":false,"sceneViewState":{"m_AlwaysRefresh":false,"showFog":true,"showSkybox":true,"showFlares":true,"showImageEffects":true,"showParticleSystems":true,"showVisualEffectGraphs":true,"m_FxEnabled":true},"in2DMode":false,"pivot":{"x":47.663936614990237,"y":48.910301208496097,"z":-76.06271362304688},"rotation":{"x":-0.3326221704483032,"y":0.1725248098373413,"z":-0.041090235114097598,"w":-0.9233594536781311},"size":0.7573278546333313,"orthographic":false}