{"cameraMode":{"drawMode":0,"name":"Shaded","section":"Shading Mode"},"sceneLighting":true,"audioPlay":false,"sceneViewState":{"m_AlwaysRefresh":false,"showFog":true,"showSkybox":true,"showFlares":true,"showImageEffects":true,"showParticleSystems":true,"showVisualEffectGraphs":true,"m_FxEnabled":true},"in2DMode":false,"pivot":{"x":0.9857912063598633,"y":1.7773394584655762,"z":0.29835551977157595},"rotation":{"x":-0.055909037590026858,"y":-0.7617647051811218,"z":0.06650381535291672,"w":-0.6418423652648926},"size":1.4413257837295533,"orthographic":false}