{"cameraMode":{"drawMode":0,"name":"Shaded","section":"Shading Mode"},"sceneLighting":true,"audioPlay":false,"sceneViewState":{"m_AlwaysRefresh":false,"showFog":true,"showSkybox":true,"showFlares":true,"showImageEffects":true,"showParticleSystems":true,"showVisualEffectGraphs":true,"m_FxEnabled":true},"in2DMode":false,"pivot":{"x":8.203533172607422,"y":4.735437870025635,"z":2.453468084335327},"rotation":{"x":0.051470983773469928,"y":-0.9482806324958801,"z":0.23203685879707337,"w":0.20988067984580995},"size":1.4413257837295533,"orthographic":false}