{"cameraMode":{"drawMode":0,"name":"Shaded","section":"Shading Mode"},"sceneLighting":false,"audioPlay":false,"sceneViewState":{"m_AlwaysRefresh":false,"showFog":true,"showSkybox":false,"showFlares":true,"showImageEffects":true,"showParticleSystems":true,"showVisualEffectGraphs":true,"m_FxEnabled":true},"in2DMode":false,"pivot":{"x":1.540147304534912,"y":2.2929413318634035,"z":-1.8066080808639527},"rotation":{"x":-0.19114497303962708,"y":0.31156542897224429,"z":-0.04287319257855415,"w":-0.9269554615020752},"size":0.000017320508050033823,"orthographic":false}